Tickets Purchased,ID,Last Name,Username,Money Available,TicketMiner Membership,First Name,Password
0,98,Zuany,zuanymaria,5593.13,FALSE,Maria,Fun!23
0,187,Zimmerman,zimmermanrenee,4359.88,FALSE,Renee,Fun!23
0,273,Zhang,zhangkaren,1646.09,FALSE,Karen,Fun!23
0,165,Zamora,zamoraphilip,5347.49,TRUE,Philip,Fun!23
0,231,Yu,yukelly,3371.79,FALSE,Kelly,Fun!23
0,1031,Yu,yulisa,4842.31,FALSE,Lisa,Fun!23
0,465,Young,youngtrevor,5846.34,TRUE,Trevor,Fun!23
0,645,Young,youngcrystal,2946.94,FALSE,Crystal,Fun!23
0,708,Young,youngjulia,5129,FALSE,Julia,Fun!23
0,827,Young,youngmaria,3798.26,TRUE,Maria,Fun!23
0,138,Wyatt,wyattpaula,3267.76,FALSE,Paula,Fun!23
0,266,Wu,wurobert,4872.05,FALSE,Robert,Fun!23
0,256,Wright,wrightchristopher,4748.17,FALSE,Christopher,Fun!23
0,262,Wright,wrightdavid,4442.7,FALSE,David,Fun!23
0,443,Woodward,woodwardraymond,1370.25,FALSE,Raymond,Fun!23
0,474,Wood,woodgeorge,4748.45,FALSE,George,Fun!23
0,489,Wood,woodmichelle,6442.21,FALSE,Michelle,Fun!23
0,336,Wolfe,wolfejason,3846.49,TRUE,Jason,Fun!23
0,364,Wolf,wolfwilliam,4680.47,TRUE,William,Fun!23
0,97,Wittmann,wittmannzachary,6241.99,FALSE,Zachary,Fun!23
0,879,Wise,wisebryan,6305.61,FALSE,Bryan,Fun!23
0,173,Wilson,wilsonjustin,2182.89,TRUE,Justin,Fun!23
0,333,Wilson,wilsoncheryl,2520.94,TRUE,Cheryl,Fun!23
0,339,Wilson,wilsonjordan,1582.66,FALSE,Jordan,Fun!23
0,367,Wilson,wilsonrobert,1951.45,TRUE,Robert,Fun!23
0,574,Wilson,wilsoncorey,3081.38,TRUE,Corey,Fun!23
0,855,Wilson,wilsonrobin,6112.9,FALSE,Robin,Fun!23
0,859,Wilson,wilsonalexander,2594.37,TRUE,Alexander,Fun!23
0,918,Wilson,wilsonkelly,3045.22,TRUE,Kelly,Fun!23
0,383,Williamson,williamsonjeremiah,4767.08,FALSE,Jeremiah,Fun!23
0,711,Williamson,williamsonwesley,4074.94,FALSE,Wesley,Fun!23
0,841,Williamson,williamsonmichael,1155.35,TRUE,Michael,Fun!23
0,102,Williams,williamsdana,1980.42,FALSE,Dana,Fun!23
0,171,Williams,williamsjennifer,1182.72,TRUE,Jennifer,Fun!23
0,285,Williams,williamsmichael,4631.38,TRUE,Michael,Fun!23
0,350,Williams,williamsdenise,3742.32,TRUE,Denise,Fun!23
0,394,Williams,williamsjacob,1963.79,TRUE,Jacob,Fun!23
0,896,Williams,williamsstephanie,5427.97,TRUE,Stephanie,Fun!23
0,1016,Williams,williamslaura,3358.22,FALSE,Laura,Fun!23
0,454,Wilkins,wilkinsryan,5818.45,TRUE,Ryan,Fun!23
0,777,Wilkerson,wilkersonbrandy,2100.55,FALSE,Brandy,Fun!23
0,411,Wilcox,wilcoxashley,1233.58,FALSE,Ashley,Fun!23
0,798,Whitney,whitneyhector,3025.17,TRUE,Hector,Fun!23
0,193,White,whitemichael,3740.42,TRUE,Michael,Fun!23
0,422,White,whitejohn,2655.83,TRUE,John,Fun!23
0,610,White,whiteshannon,5010.31,TRUE,Shannon,Fun!23
0,846,White,whitevictoria,3637.41,TRUE,Victoria,Fun!23
0,356,Wheeler,wheelerchristina,4478.62,FALSE,Christina,Fun!23
0,378,Wheeler,wheelernatasha,6252.71,FALSE,Natasha,Fun!23
0,990,West,westsara,1468.5,TRUE,Sara,Fun!23
0,570,Welch,welchjoel,1715.74,TRUE,Joel,Fun!23
0,144,Weiss,weissjeffrey,3666.32,TRUE,Jeffrey,Fun!23
0,331,Webster,websterlindsay,5313.04,TRUE,Lindsay,Fun!23
0,517,Weaver,weavertami,4618.86,FALSE,Tami,Fun!23
0,564,Weaver,weaverbrittany,6233.86,FALSE,Brittany,Fun!23
0,740,Weaver,weaverallison,3261.25,FALSE,Allison,Fun!23
0,96,Wawra,wawrawalter,5706.89,FALSE,Walter,Fun!23
0,534,Watson,watsonrobin,3658.66,TRUE,Robin,Fun!23
0,623,Watson,watsonvanessa,4453.05,TRUE,Vanessa,Fun!23
0,924,Watson,watsonjames,1280.43,TRUE,James,Fun!23
0,979,Waters,waterstammy,4360.49,TRUE,Tammy,Fun!23
0,892,Washington,washingtonmark,5917.52,TRUE,Mark,Fun!23
0,964,Washington,washingtonryan,5166.79,FALSE,Ryan,Fun!23
0,958,Wang,wangrobert,4942.75,FALSE,Robert,Fun!23
0,270,Walters,waltersleroy,3271.18,FALSE,Leroy,Fun!23
0,632,Walsh,walshmichelle,3248.86,TRUE,Michelle,Fun!23
0,889,Wallace,wallacebrett,4589.46,FALSE,Brett,Fun!23
0,126,Walker,walkercrystal,1359.19,FALSE,Crystal,Fun!23
0,178,Walker,walkerchristina,2432.8,TRUE,Christina,Fun!23
0,287,Walker,walkermario,2413.11,TRUE,Mario,Fun!23
0,552,Walker,walkerangela,4773.1,FALSE,Angela,Fun!23
0,681,Walker,walkerashley,1462.25,FALSE,Ashley,Fun!23
0,968,Walker,walkermiranda,3137.89,FALSE,Miranda,Fun!23
0,161,Wagner,wagnermarissa,2220.15,TRUE,Marissa,Fun!23
0,223,Wagner,wagnerbridget,3256.39,FALSE,Bridget,Fun!23
0,1034,Wagner,wagnertimothy,2532.12,TRUE,Timothy,Fun!23
0,307,Villegas,villegasstephen,3211.58,TRUE,Stephen,Fun!23
0,891,Villanueva,villanuevachristina,2985.89,TRUE,Christina,Fun!23
0,928,Villanueva,villanuevadonald,2891.28,FALSE,Donald,Fun!23
0,544,Velasquez,velasquezsherri,2256.88,FALSE,Sherri,Fun!23
0,95,Vazquez,vazquezjavier,5588.11,TRUE,Javier,Fun!23
0,198,Vazquez,vazquezeric,1004.51,FALSE,Eric,Fun!23
0,155,Vasquez,vasquezrachel,5287.02,TRUE,Rachel,Fun!23
0,158,Vargas,vargasrichard,4750.28,TRUE,Richard,Fun!23
0,551,Vang,vangamanda,1069.77,FALSE,Amanda,Fun!23
0,94,Vallecillo,vallecillomartin,1869.13,TRUE,Martin,Fun!23
0,554,Valenzuela,valenzuelabrandy,2875.3,TRUE,Brandy,Fun!23
0,93,UrbinaAraiza,urbinaaraizaangel,1315.67,FALSE,Angel,Fun!23
0,743,Underwood,underwoodchristopher,3223.23,TRUE,Christopher,Fun!23
0,448,Turner,turnerapril,3344.96,TRUE,April,Fun!23
0,831,Turner,turnertanya,4633.94,FALSE,Tanya,Fun!23
0,239,Trevino,trevinojoanna,2633.93,FALSE,Joanna,Fun!23
0,401,Travis,travisdonna,1767.82,TRUE,Donna,Fun!23
0,421,Tran,tranzachary,5202.58,TRUE,Zachary,Fun!23
0,555,Tran,trancourtney,3529.72,FALSE,Courtney,Fun!23
0,647,Tran,trandonald,4579.71,TRUE,Donald,Fun!23
0,851,Tran,trankevin,3194.39,FALSE,Kevin,Fun!23
0,153,Torres,torresrichard,2899.34,TRUE,Richard,Fun!23
0,354,Torres,torrescaroline,2117,TRUE,Caroline,Fun!23
0,521,Torres,torrescolleen,5832.82,FALSE,Colleen,Fun!23
0,592,Torres,torresandrew,1856.74,FALSE,Andrew,Fun!23
0,762,Torres,torreselizabeth,5350.06,TRUE,Elizabeth,Fun!23
0,349,Thompson,thompsonricky,3945.06,FALSE,Ricky,Fun!23
0,405,Thompson,thompsonkrystal,5995.36,FALSE,Krystal,Fun!23
0,735,Thompson,thompsonnathan,1367.74,FALSE,Nathan,Fun!23
0,817,Thompson,thompsonmegan,2852.16,FALSE,Megan,Fun!23
0,838,Thompson,thompsonmark,1706.38,TRUE,Mark,Fun!23
0,267,Thomas,thomaskaren,3028.76,TRUE,Karen,Fun!23
0,274,Thomas,thomasdavid,2400.64,TRUE,David,Fun!23
0,445,Thomas,thomassamantha,5548.43,FALSE,Samantha,Fun!23
0,785,Thomas,thomasmichael,1046.92,FALSE,Michael,Fun!23
0,1013,Thomas,thomastammy,3460.7,FALSE,Tammy,Fun!23
0,343,Taylor,taylorkyle,1350.46,FALSE,Kyle,Fun!23
0,797,Taylor,taylorteresa,4958.94,TRUE,Teresa,Fun!23
0,937,Taylor,taylorsarah,1164.84,FALSE,Sarah,Fun!23
0,371,Swanson,swansonkevin,3910.54,FALSE,Kevin,Fun!23
0,663,Swanson,swansongina,1566.6,TRUE,Gina,Fun!23
0,876,Sutton,suttonsandra,5998.93,TRUE,Sandra,Fun!23
0,553,Summers,summerskylie,2070.01,FALSE,Kylie,Fun!23
0,765,Summers,summersdavid,4851.87,TRUE,David,Fun!23
0,925,Summers,summerskara,2669.83,FALSE,Kara,Fun!23
0,957,Summers,summersdaniel,4536,TRUE,Daniel,Fun!23
0,289,Sullivan,sullivangregory,3615.96,TRUE,Gregory,Fun!23
0,558,Sullivan,sullivanryan,3238.37,FALSE,Ryan,Fun!23
0,775,Sullivan,sullivanrichard,4850.89,FALSE,Richard,Fun!23
0,992,Sullivan,sullivanmonica,4001.72,FALSE,Monica,Fun!23
0,484,Strickland,stricklandterri,5834.28,FALSE,Terri,Fun!23
0,720,Stewart,stewartteresa,3826.69,TRUE,Teresa,Fun!23
0,803,Stewart,stewartmark,2683.04,FALSE,Mark,Fun!23
0,1027,Stevenson,stevensonthomas,3025.34,FALSE,Thomas,Fun!23
0,122,Stevens,stevensmichele,3145.38,TRUE,Michele,Fun!23
0,387,Stevens,stevensmary,2972.02,FALSE,Mary,Fun!23
0,413,Stein,steinanita,6023.45,TRUE,Anita,Fun!23
0,476,Stanton,stantonwendy,4900.63,FALSE,Wendy,Fun!23
0,842,Stanton,stantonsarah,2955.6,TRUE,Sarah,Fun!23
0,92,Staker,stakerwilliam,6460.66,TRUE,William,Fun!23
0,385,Stafford,staffordlisa,5138.11,FALSE,Lisa,Fun!23
0,427,Spencer,spencerlisa,1117.9,FALSE,Lisa,Fun!23
0,416,Soto,sotodavid,4423.39,FALSE,David,Fun!23
0,993,Solomon,solomonluis,3751.05,TRUE,Luis,Fun!23
0,438,Solis,solisjill,4161.66,FALSE,Jill,Fun!23
0,843,Snyder,snydermarcia,5779.72,TRUE,Marcia,Fun!23
0,189,Smith,smithmichael,6439.92,TRUE,Michael,Fun!23
0,232,Smith,smithchristian,2199.51,TRUE,Christian,Fun!23
0,316,Smith,smithlaura,6460.73,FALSE,Laura,Fun!23
0,362,Smith,smithkenneth,5407.51,TRUE,Kenneth,Fun!23
0,384,Smith,smithdean,6134.97,FALSE,Dean,Fun!23
0,453,Smith,smithbrandon,5469.04,TRUE,Brandon,Fun!23
0,528,Smith,smithmargaret,4681.63,TRUE,Margaret,Fun!23
0,601,Smith,smithalyssa,3743.13,FALSE,Alyssa,Fun!23
0,608,Smith,smithjennifer,6225.84,TRUE,Jennifer,Fun!23
0,624,Smith,smithjerry,4151.94,FALSE,Jerry,Fun!23
0,640,Smith,smithkayla,2109.37,TRUE,Kayla,Fun!23
0,714,Smith,smithgary,6478.78,FALSE,Gary,Fun!23
0,725,Smith,smithdaniel,5922.44,TRUE,Daniel,Fun!23
0,753,Smith,smithdennis,4872.18,TRUE,Dennis,Fun!23
0,764,Smith,smithmegan,1619.53,TRUE,Megan,Fun!23
0,781,Smith,smithsean,2117.04,TRUE,Sean,Fun!23
0,796,Smith,smithkathy,3964.44,TRUE,Kathy,Fun!23
0,823,Smith,smithjose,6122.72,FALSE,Jose,Fun!23
0,862,Smith,smithnicholas,4714.94,TRUE,Nicholas,Fun!23
0,865,Smith,smithkristine,5482.95,FALSE,Kristine,Fun!23
0,1037,Smith,smithjessica,5127.79,FALSE,Jessica,Fun!23
0,330,Small,smallkathleen,5814.5,TRUE,Kathleen,Fun!23
0,351,Sloan,sloanjeffrey,3510.95,TRUE,Jeffrey,Fun!23
0,468,Skinner,skinnerjason,1250.06,TRUE,Jason,Fun!23
0,404,Sims,simsanthony,4798.01,TRUE,Anthony,Fun!23
0,790,Simpson,simpsonalexandra,6285.94,TRUE,Alexandra,Fun!23
0,833,Simpson,simpsonjames,2197.11,FALSE,James,Fun!23
0,966,Simpson,simpsonbecky,1130.36,FALSE,Becky,Fun!23
0,973,Simmons,simmonsjames,4236.25,FALSE,James,Fun!23
0,930,Short,shortgregory,4343.29,TRUE,Gregory,Fun!23
0,340,Shepherd,shepherdamanda,1797.08,FALSE,Amanda,Fun!23
0,457,Shea,sheaalexis,6366.55,FALSE,Alexis,Fun!23
0,504,Shaw,shawdarlene,4999.24,TRUE,Darlene,Fun!23
0,837,Shaw,shawjulie,4111.44,TRUE,Julie,Fun!23
0,643,Sharp,sharpbeth,2224.27,TRUE,Beth,Fun!23
0,462,Sexton,sextonmichelle,5455,FALSE,Michelle,Fun!23
0,91,Sepulveda,sepulvedafernando,3949.04,FALSE,Fernando,Fun!23
0,497,Sellers,sellersamber,1184.02,TRUE,Amber,Fun!23
0,194,Scott,scottcody,4538.18,TRUE,Cody,Fun!23
0,342,Scott,scottkevin,2061.7,FALSE,Kevin,Fun!23
0,464,Scott,scottdeborah,3531.82,TRUE,Deborah,Fun!23
0,754,Scott,scottjared,3035.48,TRUE,Jared,Fun!23
0,680,Schultz,schultzjennifer,1537.25,TRUE,Jennifer,Fun!23
0,656,Schneider,schneiderholly,1033.14,FALSE,Holly,Fun!23
0,938,Schneider,schneiderjennifer,3309.83,FALSE,Jennifer,Fun!23
0,276,Schaefer,schaefercraig,6442.59,FALSE,Craig,Fun!23
0,1047,Sawyer,sawyerkendra,6030.35,FALSE,Kendra,Fun!23
0,1004,Santos,santosshawn,3332.7,FALSE,Shawn,Fun!23
0,527,Sanford,sanfordchristopher,3742.38,TRUE,Christopher,Fun!23
0,90,Sandoval,sandovaljorge,5449.11,FALSE,Jorge,Fun!23
0,674,Sanders,sandersgabriel,5231.12,TRUE,Gabriel,Fun!23
0,715,Sanders,sandersthomas,5376.79,TRUE,Thomas,Fun!23
0,806,Sanders,sandersmicheal,3310.28,FALSE,Micheal,Fun!23
0,1024,Sanders,sandersjohn,4181.16,FALSE,John,Fun!23
0,115,Sanchez,sanchezmichael,2479.56,FALSE,Michael,Fun!23
0,176,Sanchez,sanchezanthony,4849.29,FALSE,Anthony,Fun!23
0,638,Sanchez,sanchezcolleen,3335.56,TRUE,Colleen,Fun!23
0,874,Sanchez,sanchezjody,4124.36,FALSE,Jody,Fun!23
0,749,Salazar,salazarhenry,3864.2,FALSE,Henry,Fun!23
0,1000,Salas,salaspaul,3538.03,FALSE,Paul,Fun!23
0,545,Russell,russelldarlene,2099.92,TRUE,Darlene,Fun!23
0,88,Ruiz,ruizedgar,3684,FALSE,Edgar,Fun!23
0,89,Ruiz,ruizsalvador,5408.09,TRUE,Salvador,Fun!23
0,386,Ruiz,ruiztravis,5653.49,TRUE,Travis,Fun!23
0,205,Rowland,rowlandnicole,6276.69,TRUE,Nicole,Fun!23
0,612,Ross,rossvictor,3608.7,TRUE,Victor,Fun!23
0,881,Ross,rossmindy,3408.88,FALSE,Mindy,Fun!23
0,407,Rose,rosescott,5260.81,FALSE,Scott,Fun!23
0,148,Romero,romeroashley,2659.58,TRUE,Ashley,Fun!23
0,202,Romero,romeroolivia,1322.38,TRUE,Olivia,Fun!23
0,226,Romero,romerotimothy,3988.92,TRUE,Timothy,Fun!23
0,272,Romero,romerojames,3689.64,FALSE,James,Fun!23
0,292,Romero,romerodaniel,4229.43,TRUE,Daniel,Fun!23
0,87,Rojas,rojassabas,1753.3,FALSE,Sabas,Fun!23
0,766,Rojas,rojasbrian,5658.53,FALSE,Brian,Fun!23
0,182,Rogers,rogerssandra,4953.97,FALSE,Sandra,Fun!23
0,652,Rogers,rogersmark,2626.5,TRUE,Mark,Fun!23
0,828,Rogers,rogersann,3417.28,TRUE,Ann,Fun!23
0,86,Rodriguez,rodriguezchristian,3929.14,TRUE,Christian,Fun!23
0,124,Rodriguez,rodriguezdouglas,5000.55,FALSE,Douglas,Fun!23
0,311,Rodriguez,rodriguezbradley,2999.43,FALSE,Bradley,Fun!23
0,415,Rodriguez,rodriguezricardo,5646.54,FALSE,Ricardo,Fun!23
0,459,Rodriguez,rodrigueztara,2599.09,TRUE,Tara,Fun!23
0,485,Rodriguez,rodriguezamy,2045.61,FALSE,Amy,Fun!23
0,689,Rodriguez,rodriguezlinda,2370.31,TRUE,Linda,Fun!23
0,763,Rodriguez,rodriguezjeffrey,1959.58,FALSE,Jeffrey,Fun!23
0,948,Rodriguez,rodriguezelizabeth,5965.33,TRUE,Elizabeth,Fun!23
0,983,Rodriguez,rodriguezjerry,3419.33,TRUE,Jerry,Fun!23
0,85,Rocha,rochaadrian,5417.88,TRUE,Adrian,Fun!23
0,978,Rocha,rochajeremy,4632.09,FALSE,Jeremy,Fun!23
0,536,Robles,roblesnancy,2087.55,TRUE,Nancy,Fun!23
0,616,Robles,robleslinda,6311.18,TRUE,Linda,Fun!23
0,728,Robles,roblescody,1257.11,FALSE,Cody,Fun!23
0,123,Robinson,robinsonkirsten,3273.23,TRUE,Kirsten,Fun!23
0,301,Robinson,robinsonalexandra,1920.13,FALSE,Alexandra,Fun!23
0,501,Robinson,robinsonmichael,4713.93,FALSE,Michael,Fun!23
0,547,Robinson,robinsonlisa,2655.71,TRUE,Lisa,Fun!23
0,671,Robinson,robinsonchristopher,5852.74,FALSE,Christopher,Fun!23
0,880,Robinson,robinsonjoseph,5046.91,TRUE,Joseph,Fun!23
0,261,Robertson,robertsonbarbara,3228.66,FALSE,Barbara,Fun!23
0,127,Roberts,robertssean,4904.36,TRUE,Sean,Fun!23
0,744,Roberts,robertskimberly,5481.5,TRUE,Kimberly,Fun!23
0,420,Roberson,robersonrachel,1252,FALSE,Rachel,Fun!23
0,605,Robbins,robbinsheather,3957.27,TRUE,Heather,Fun!23
0,334,Rivera,riveramelissa,2982.36,TRUE,Melissa,Fun!23
0,789,Rivera,riveramichelle,2550.09,FALSE,Michelle,Fun!23
0,1003,Rivera,riveradiana,3449.31,TRUE,Diana,Fun!23
0,84,Rivas,rivasashley,1268.2,TRUE,Ashley,Fun!23
0,975,Riley,rileyandrea,1765.46,TRUE,Andrea,Fun!23
0,191,Richardson,richardsonkimberly,3263.56,TRUE,Kimberly,Fun!23
0,192,Richardson,richardsonemily,4823.23,FALSE,Emily,Fun!23
0,630,Richardson,richardsonnatalie,3766.68,TRUE,Natalie,Fun!23
0,902,Richardson,richardsonolivia,4380.8,FALSE,Olivia,Fun!23
0,943,Richardson,richardsonphillip,5525.77,TRUE,Phillip,Fun!23
0,281,Richards,richardsmark,2266.67,TRUE,Mark,Fun!23
0,676,Richard,richardbrittany,5438.92,TRUE,Brittany,Fun!23
0,473,Rice,ricecrystal,1408.83,TRUE,Crystal,Fun!23
0,773,Rice,ricewilliam,5124.93,FALSE,William,Fun!23
0,541,Reynolds,reynoldsdennis,2950.23,FALSE,Dennis,Fun!23
0,659,Reyes,reyeselizabeth,5084.03,TRUE,Elizabeth,Fun!23
0,83,Remes,remesfernando,3241.63,TRUE,Fernando,Fun!23
0,479,Reese,reesealyssa,3953.45,FALSE,Alyssa,Fun!23
0,475,Raymond,raymondchristopher,2819.77,TRUE,Christopher,Fun!23
0,804,Raymond,raymonddebra,2181.85,FALSE,Debra,Fun!23
0,237,Ray,raybrittany,6416.85,TRUE,Brittany,Fun!23
0,598,Ray,rayjeff,3210.53,FALSE,Jeff,Fun!23
0,779,Ray,raymichelle,2671.94,TRUE,Michelle,Fun!23
0,197,Ramos,ramosmark,4765.66,TRUE,Mark,Fun!23
0,480,Ramos,ramoseric,3385.72,TRUE,Eric,Fun!23
0,908,Ramos,ramosandre,2063.55,TRUE,Andre,Fun!23
0,313,Ramirez,ramirezjasmine,1858.58,FALSE,Jasmine,Fun!23
0,406,Ramirez,ramirezbenjamin,3664.51,TRUE,Benjamin,Fun!23
0,599,Ramirez,ramirezmichelle,3654.26,FALSE,Michelle,Fun!23
0,653,Ramirez,ramirezjessica,5732.92,FALSE,Jessica,Fun!23
0,984,Ramirez,ramirezdonald,4876.47,FALSE,Donald,Fun!23
0,82,Quinones,quinonesluis,6304.29,FALSE,Luis,Fun!23
0,81,Quinn,quinnanaiah,3706.36,TRUE,Anaiah,Fun!23
0,29,Queen,evilqueen,3654.2,FALSE,Evil,Fun!23
0,543,Pruitt,pruittmichelle,3876.42,TRUE,Michelle,Fun!23
0,811,Proctor,proctorgeorge,2129.21,FALSE,George,Fun!23
0,839,Prince,princemichael,3606.66,FALSE,Michael,Fun!23
0,614,Price,pricelawrence,6396.02,FALSE,Lawrence,Fun!23
0,112,Preston,prestonrobert,4790.06,FALSE,Robert,Fun!23
0,991,Preston,prestonjennifer,1195.95,TRUE,Jennifer,Fun!23
0,596,Powell,powellcynthia,5886.8,FALSE,Cynthia,Fun!23
0,259,Porter,porterdarin,5365.98,FALSE,Darin,Fun!23
0,345,Porter,porterchelsea,5100.46,TRUE,Chelsea,Fun!23
0,502,Porter,portermatthew,6082.87,TRUE,Matthew,Fun!23
0,683,Poole,poolealyssa,2111.42,FALSE,Alyssa,Fun!23
0,935,Ponce,ponceruth,3497.35,FALSE,Ruth,Fun!23
0,185,Pittman,pittmanjames,3799.11,TRUE,James,Fun!23
0,326,Phillips,phillipsrachel,3483.59,FALSE,Rachel,Fun!23
0,662,Phillips,phillipsloretta,5443.18,TRUE,Loretta,Fun!23
0,885,Phillips,phillipscurtis,3150.48,TRUE,Curtis,Fun!23
0,919,Phillips,phillipsbrendan,6194.71,FALSE,Brendan,Fun!23
0,1039,Phillips,phillipswendy,3657.78,FALSE,Wendy,Fun!23
0,224,Phelps,phelpsvirginia,5161.47,FALSE,Virginia,Fun!23
0,1009,Peterson,petersonryan,5211.59,FALSE,Ryan,Fun!23
0,996,Petersen,petersencarmen,5384.73,TRUE,Carmen,Fun!23
0,868,Peters,peterslisa,1352.54,FALSE,Lisa,Fun!23
0,1036,Peters,petersstephen,1609.6,TRUE,Stephen,Fun!23
0,563,Perry,perrymartha,2398.01,TRUE,Martha,Fun!23
0,629,Perry,perryjared,2860.11,TRUE,Jared,Fun!23
0,985,Perry,perrystephanie,5629.71,FALSE,Stephanie,Fun!23
0,99,Perez,pereztom,4709.57,TRUE,Tom,Fun!23
0,228,Perez,perezkathryn,3325.68,FALSE,Kathryn,Fun!23
0,298,Perez,perezmatthew,4557.79,TRUE,Matthew,Fun!23
0,80,Pedraza,pedrazadiego,1984.11,FALSE,Diego,Fun!23
0,337,Paul,paulstacey,3306.42,TRUE,Stacey,Fun!23
0,791,Paul,paulrichard,6218.47,FALSE,Richard,Fun!23
0,249,Patterson,pattersonkaylee,2514.88,TRUE,Kaylee,Fun!23
0,442,Patrick,patrickkristina,4120.64,FALSE,Kristina,Fun!23
0,100,Patel,patelbrad,5009.49,FALSE,Brad,Fun!23
0,856,Parsons,parsonsamy,1239.57,FALSE,Amy,Fun!23
0,618,Parrish,parrishrick,5755.53,TRUE,Rick,Fun!23
0,682,Parrish,parrishmichael,5312.75,FALSE,Michael,Fun!23
0,210,Parks,parksandrew,3000.53,FALSE,Andrew,Fun!23
0,145,Parker,parkerronald,2397.36,FALSE,Ronald,Fun!23
0,149,Parker,parkergail,3841.98,FALSE,Gail,Fun!23
0,233,Park,parkrobert,5537.68,FALSE,Robert,Fun!23
0,844,Park,parkgary,4166.05,TRUE,Gary,Fun!23
0,931,Park,parkdana,5538.88,TRUE,Dana,Fun!23
0,15,Pan,peterpan,1498.76,TRUE,Peter,Fun!23
0,120,Palmer,palmerlogan,3856.57,FALSE,Logan,Fun!23
0,79,Pallares,pallaresraul,3291.9,TRUE,Raul,Fun!23
0,312,Page,pagegloria,3894.69,FALSE,Gloria,Fun!23
0,566,Page,pageheidi,3850.15,TRUE,Heidi,Fun!23
0,78,Padilla,padillamarko,3735.42,FALSE,Marko,Fun!23
0,264,Padilla,padillabrooke,3677.07,TRUE,Brooke,Fun!23
0,439,Padilla,padillaemma,6093.23,TRUE,Emma,Fun!23
0,441,Owens,owensrita,4073.25,FALSE,Rita,Fun!23
0,496,Owens,owenssteven,3034.7,FALSE,Steven,Fun!23
0,641,Osborne,osbornechristopher,4929.11,FALSE,Christopher,Fun!23
0,196,Ortiz,ortizkeith,1663.9,FALSE,Keith,Fun!23
0,332,Ortiz,ortizmichelle,1049.27,FALSE,Michelle,Fun!23
0,684,Ortiz,ortizwilliam,6384.32,FALSE,William,Fun!23
0,921,Ortega,ortegachristopher,5885.49,TRUE,Christopher,Fun!23
0,106,Olson,olsondaniel,6016.79,FALSE,Daniel,Fun!23
0,546,Olsen,olsenjessica,4781.35,TRUE,Jessica,Fun!23
0,1017,Olsen,olsencourtney,6048.18,FALSE,Courtney,Fun!23
0,296,Oliver,oliverdustin,6272.65,TRUE,Dustin,Fun!23
0,810,Oliver,olivermichelle,2605.59,FALSE,Michelle,Fun!23
0,77,Odom,odomchristian,4080.7,FALSE,Christian,Fun!23
0,319,Oconnell,oconnellmarissa,1331.34,FALSE,Marissa,Fun!23
0,396,Oconnell,oconnellcraig,4230.9,FALSE,Craig,Fun!23
0,116,Obrien,obrientheresa,4543.12,FALSE,Theresa,Fun!23
0,807,Obrien,obrienstephanie,4487.88,TRUE,Stephanie,Fun!23
0,741,Nunez,nunezmichael,5542.43,FALSE,Michael,Fun!23
0,76,Nowmi,nowmisaeefa,2228.93,TRUE,Saeefa,Fun!23
0,38,Nouri,alirezanouri,5094.35,TRUE,Alireza,Fun!23
0,853,Norton,nortonjacob,5464.44,TRUE,Jacob,Fun!23
0,125,Norris,norrischristopher,2731.47,TRUE,Christopher,Fun!23
0,826,Norris,norrisandrew,5088.65,FALSE,Andrew,Fun!23
0,208,Nolan,nolanjames,2383.11,FALSE,James,Fun!23
0,134,Noble,noblemegan,4604.82,TRUE,Megan,Fun!23
0,506,Nielsen,nielsenbrittany,1049.08,FALSE,Brittany,Fun!23
0,642,Nichols,nicholsmercedes,2219.06,TRUE,Mercedes,Fun!23
0,617,Nguyen,nguyenamber,2856.61,TRUE,Amber,Fun!23
0,692,Nguyen,nguyenrebecca,3394.53,TRUE,Rebecca,Fun!23
0,787,Nguyen,nguyensabrina,3905.13,FALSE,Sabrina,Fun!23
0,848,Newton,newtonsandra,5525.55,TRUE,Sandra,Fun!23
0,170,Neal,neallauren,5138.2,TRUE,Lauren,Fun!23
0,433,Neal,nealbrandon,6303.79,TRUE,Brandon,Fun!23
0,820,Navarro,navarrocasey,2719,FALSE,Casey,Fun!23
0,450,Murray,murraymichael,3613.05,TRUE,Michael,Fun!23
0,373,Murphy,murphypeggy,2292.77,FALSE,Peggy,Fun!23
0,1,Mouse,mickeymouse,4191.37,FALSE,Mickey,Fun!23
0,3,Mouse,minniemouse,4107.94,FALSE,Minnie,Fun!23
0,172,Moss,mosshaley,2576.83,FALSE,Haley,Fun!23
0,914,Moss,mossrodney,2404.55,FALSE,Rodney,Fun!23
0,1018,Moss,mossbeth,2216.86,TRUE,Beth,Fun!23
0,359,Mosley,mosleysarah,5057.38,TRUE,Sarah,Fun!23
0,533,Moses,mosesvictoria,5496.25,FALSE,Victoria,Fun!23
0,529,Morton,mortonmichael,4769.14,FALSE,Michael,Fun!23
0,904,Morse,morseamy,1254.07,TRUE,Amy,Fun!23
0,201,Morris,morrisjeremy,4127.06,FALSE,Jeremy,Fun!23
0,258,Morris,morrisalejandra,3771.69,FALSE,Alejandra,Fun!23
0,437,Morris,morrisjohn,5619.93,TRUE,John,Fun!23
0,157,Morgan,morgannancy,2150.72,FALSE,Nancy,Fun!23
0,463,Morgan,morgankayla,5076.68,FALSE,Kayla,Fun!23
0,595,Morgan,morganjames,1560.95,FALSE,James,Fun!23
0,900,Morgan,morganjack,2075.29,FALSE,Jack,Fun!23
0,75,Moreno,morenochristin,3326.93,TRUE,Christin,Fun!23
0,167,Moran,moranmichael,2574.75,FALSE,Michael,Fun!23
0,824,Moran,moranalicia,6068.59,FALSE,Alicia,Fun!23
0,318,Morales,moralesdenise,4624.83,TRUE,Denise,Fun!23
0,969,Morales,moralesashley,3550.46,FALSE,Ashley,Fun!23
0,873,Mora,morasherry,5124.54,TRUE,Sherry,Fun!23
0,257,Moore,moorejessica,5113.84,TRUE,Jessica,Fun!23
0,329,Moore,moorefrancisco,6155.44,FALSE,Francisco,Fun!23
0,357,Moore,moorevalerie,3391.08,TRUE,Valerie,Fun!23
0,424,Moore,moorehunter,5567.13,FALSE,Hunter,Fun!23
0,430,Moore,mooredoris,5384.23,FALSE,Doris,Fun!23
0,668,Moore,mooreanthony,6115.58,FALSE,Anthony,Fun!23
0,878,Montoya,montoyawendy,4744.56,FALSE,Wendy,Fun!23
0,246,Montgomery,montgomeryjesse,4920.43,FALSE,Jesse,Fun!23
0,619,Molina,molinaedward,4749.57,FALSE,Edward,Fun!23
0,306,Mitchell,mitchellmaria,5313.57,TRUE,Maria,Fun!23
0,568,Mitchell,mitchelljake,4904.85,TRUE,Jake,Fun!23
0,1026,Mitchell,mitchelljames,5017.54,FALSE,James,Fun!23
0,516,Miranda,mirandamichaela,4469.14,FALSE,Michaela,Fun!23
0,314,Mills,millsdavid,4987.52,TRUE,David,Fun!23
0,522,Mills,millsjennifer,5535.67,TRUE,Jennifer,Fun!23
0,139,Miller,millershane,1310.21,FALSE,Shane,Fun!23
0,209,Miller,millersharon,1306.78,FALSE,Sharon,Fun!23
0,216,Miller,milleramanda,2354.68,TRUE,Amanda,Fun!23
0,225,Miller,millerchase,6051.36,TRUE,Chase,Fun!23
0,472,Miller,millergary,6397.07,FALSE,Gary,Fun!23
0,687,Miller,millerlisa,3316.29,FALSE,Lisa,Fun!23
0,696,Miller,millerann,5837.59,TRUE,Ann,Fun!23
0,850,Miller,millerdana,1858.87,FALSE,Dana,Fun!23
0,852,Miller,millerlinda,1509.69,TRUE,Linda,Fun!23
0,870,Miller,millerbrandon,2162.13,FALSE,Brandon,Fun!23
0,927,Miller,millersteven,5317.79,TRUE,Steven,Fun!23
0,941,Miller,millerkimberly,2919.06,FALSE,Kimberly,Fun!23
0,727,Meyer,meyerphillip,4003.81,FALSE,Phillip,Fun!23
0,74,MestaValenzuela,mestavalenzuelanatalia,2490.4,FALSE,Natalia,Fun!23
0,19,Mermaid,urselamermaid,3646.69,FALSE,Ursela,Fun!23
0,73,Mercado,mercadosebastian,3591.96,FALSE,Sebastian,Fun!23
0,483,Mercado,mercadodoris,4225.5,TRUE,Doris,Fun!23
0,778,Mendoza,mendozalaurie,2991.16,FALSE,Laurie,Fun!23
0,419,Mendez,mendezterri,3350.82,TRUE,Terri,Fun!23
0,535,Melendez,melendezchristopher,2748.95,FALSE,Christopher,Fun!23
0,37,Mejia,danielmejia,1515.65,FALSE,Daniel,Fun!23
0,805,Mejia,mejiaerin,3475.71,TRUE,Erin,Fun!23
0,1007,Mejia,mejiakimberly,4919.15,FALSE,Kimberly,Fun!23
0,150,Medina,medinasean,4499.73,TRUE,Sean,Fun!23
0,1006,Medina,medinaelizabeth,1073.34,TRUE,Elizabeth,Fun!23
0,390,Meadows,meadowsjoshua,3013.7,FALSE,Joshua,Fun!23
0,511,Mcpherson,mcphersonamy,2380.22,FALSE,Amy,Fun!23
0,751,Mcneil,mcneilrodney,4652.53,TRUE,Rodney,Fun!23
0,929,Mckenzie,mckenziegary,2075.89,TRUE,Gary,Fun!23
0,980,Mckay,mckaydouglas,1571.7,TRUE,Douglas,Fun!23
0,482,Mcintyre,mcintyreangela,5004.16,FALSE,Angela,Fun!23
0,105,Mcdonald,mcdonaldstephanie,6327.02,FALSE,Stephanie,Fun!23
0,119,Mcdonald,mcdonaldtravis,5524.67,FALSE,Travis,Fun!23
0,660,Mcdonald,mcdonaldmelissa,1794.38,FALSE,Melissa,Fun!23
0,794,Mcdonald,mcdonaldpatricia,2546.14,FALSE,Patricia,Fun!23
0,959,Mcdonald,mcdonaldkatherine,6470.92,TRUE,Katherine,Fun!23
0,788,Mcdaniel,mcdanielhayden,4503.95,FALSE,Hayden,Fun!23
0,910,Mcdaniel,mcdanielpenny,6296.82,FALSE,Penny,Fun!23
0,113,Mccormick,mccormickmelissa,2569.49,FALSE,Melissa,Fun!23
0,746,Mccormick,mccormickmichael,5427.61,TRUE,Michael,Fun!23
0,308,Mcconnell,mcconnellryan,5023.18,FALSE,Ryan,Fun!23
0,621,Mcclure,mcclureandrew,1784,TRUE,Andrew,Fun!23
0,236,Mccarthy,mccarthymaria,3246.61,FALSE,Maria,Fun!23
0,813,Maynard,maynardmichelle,5097.7,FALSE,Michelle,Fun!23
0,243,May,maysamantha,5777.87,FALSE,Samantha,Fun!23
0,435,May,maytiffany,2111.31,FALSE,Tiffany,Fun!23
0,320,Maxwell,maxwellgregory,2630.47,FALSE,Gregory,Fun!23
0,1043,Maxwell,maxwellbrooke,2809.88,FALSE,Brooke,Fun!23
0,571,Matthews,matthewsdiana,4736.08,FALSE,Diana,Fun!23
0,954,Mathis,mathisbrett,4622.09,TRUE,Brett,Fun!23
0,1030,Massey,masseybryan,5151.73,FALSE,Bryan,Fun!23
0,719,Mason,masonmiranda,4854.94,FALSE,Miranda,Fun!23
0,901,Mason,masonmatthew,1128.41,FALSE,Matthew,Fun!23
0,295,Martinez,martineztammy,4063.9,FALSE,Tammy,Fun!23
0,428,Martinez,martinezjustin,4475.37,TRUE,Justin,Fun!23
0,548,Martinez,martinezmichael,1483.7,TRUE,Michael,Fun!23
0,664,Martinez,martinezkimberly,6072.03,FALSE,Kimberly,Fun!23
0,815,Martinez,martinezjonathan,6170.28,FALSE,Jonathan,Fun!23
0,956,Martinez,martinezronald,4466.63,FALSE,Ronald,Fun!23
0,1032,Martinez,martinezkristen,4730.25,FALSE,Kristen,Fun!23
0,160,Martin,martinvictoria,4686.88,TRUE,Victoria,Fun!23
0,263,Martin,martinjessica,5193.25,TRUE,Jessica,Fun!23
0,625,Marshall,marshallandrew,4488.88,TRUE,Andrew,Fun!23
0,254,Marquez,marquezjeffrey,5197,TRUE,Jeffrey,Fun!23
0,769,Mann,manncatherine,5930.67,FALSE,Catherine,Fun!23
0,200,Maldonado,maldonadomichelle,4756.92,TRUE,Michelle,Fun!23
0,305,Maldonado,maldonadoadam,5512.27,TRUE,Adam,Fun!23
0,515,Maldonado,maldonadohannah,2657.89,FALSE,Hannah,Fun!23
0,995,Maldonado,maldonadostacy,5521.59,TRUE,Stacy,Fun!23
0,417,Mahoney,mahoneykayla,4392.84,TRUE,Kayla,Fun!23
0,309,Macias,maciastheresa,5111.67,FALSE,Theresa,Fun!23
0,670,Macias,maciasderek,5928,FALSE,Derek,Fun!23
0,72,Macdonald,macdonaldclaire,3411.55,TRUE,Claire,Fun!23
0,597,Macdonald,macdonaldjoseph,4228.2,FALSE,Joseph,Fun!23
0,101,Lyons,lyonsrobert,1112.12,TRUE,Robert,Fun!23
0,1021,Lynch,lynchcarlos,4558.05,TRUE,Carlos,Fun!23
0,304,Luna,lunajeffrey,3679.77,TRUE,Jeffrey,Fun!23
0,872,Lucero,lucerochristopher,5046.47,TRUE,Christopher,Fun!23
0,212,Lozano,lozanomark,6413.09,TRUE,Mark,Fun!23
0,905,Love,lovebarbara,1845,FALSE,Barbara,Fun!23
0,71,Lopez,lopezcaleb,4014.99,FALSE,Caleb,Fun!23
0,455,Lopez,lopezjon,2575.54,TRUE,Jon,Fun!23
0,481,Lopez,lopezbrian,1423,FALSE,Brian,Fun!23
0,576,Lopez,lopezdylan,4950.29,TRUE,Dylan,Fun!23
0,631,Lopez,lopezerika,5023.91,TRUE,Erika,Fun!23
0,639,Lopez,lopezderek,5171.59,FALSE,Derek,Fun!23
0,923,Lopez,lopezapril,5903.13,TRUE,April,Fun!23
0,628,Long,longamber,5798.15,FALSE,Amber,Fun!23
0,836,Lloyd,lloydjessica,2425.54,TRUE,Jessica,Fun!23
0,860,Lloyd,lloydnicole,2027.65,TRUE,Nicole,Fun!23
0,1008,Livingston,livingstonlori,4917.36,FALSE,Lori,Fun!23
0,594,Little,littleheather,3844.75,TRUE,Heather,Fun!23
0,23,Lion,scarlion,1824.58,TRUE,Scar,Fun!23
0,17,Lightyear,buzzlightyear,4719.69,FALSE,Buzz,Fun!23
0,220,Lewis,lewissheila,6261.27,TRUE,Sheila,Fun!23
0,244,Lewis,lewisjoseph,2478.4,TRUE,Joseph,Fun!23
0,1022,Lewis,lewisaustin,4054.5,FALSE,Austin,Fun!23
0,207,Lee,leejerry,2426.62,TRUE,Jerry,Fun!23
0,230,Lee,leemark,5341.24,FALSE,Mark,Fun!23
0,686,Lee,leejason,6124.72,FALSE,Jason,Fun!23
0,707,Lee,leemary,2753.17,TRUE,Mary,Fun!23
0,821,Lee,leeshawn,2074.91,FALSE,Shawn,Fun!23
0,580,Leblanc,leblancrobert,2357.69,FALSE,Robert,Fun!23
0,470,Larson,larsonkevin,4918.57,TRUE,Kevin,Fun!23
0,446,Larsen,larsenpatrick,5551.39,TRUE,Patrick,Fun!23
0,70,Lara,laradevin,2539.55,FALSE,Devin,Fun!23
0,234,Lara,laraariana,1102.42,TRUE,Ariana,Fun!23
0,513,Lang,langangela,6135.6,TRUE,Angela,Fun!23
0,69,Laneave,laneaveerik,1802.66,FALSE,Erik,Fun!23
0,575,Lane,lanebarbara,1590.63,TRUE,Barbara,Fun!23
0,487,Lambert,lambertwesley,5440.93,TRUE,Wesley,Fun!23
0,650,Lambert,lambertkrista,2726.51,TRUE,Krista,Fun!23
0,434,Lamb,lambmark,3552.34,FALSE,Mark,Fun!23
0,915,Kramer,krameranthony,3117.79,FALSE,Anthony,Fun!23
0,68,Kocian,kociankimberly,4291.03,TRUE,Kimberly,Fun!23
0,657,Knight,knightjoanna,2173.93,FALSE,Joanna,Fun!23
0,140,Kline,klinekimberly,4526.71,FALSE,Kimberly,Fun!23
0,104,Klein,kleinsean,1990.23,TRUE,Sean,Fun!23
0,166,Kirk,kirkmelanie,5189.54,TRUE,Melanie,Fun!23
0,665,Kirby,kirbystephanie,2833.07,TRUE,Stephanie,Fun!23
0,24,King,simbaking,3386.13,FALSE,Simba,Fun!23
0,131,King,kingjames,1612.01,TRUE,James,Fun!23
0,177,King,kingthomas,3164.46,TRUE,Thomas,Fun!23
0,291,King,kingdawn,2866.57,TRUE,Dawn,Fun!23
0,294,King,kingchris,5881.73,TRUE,Chris,Fun!23
0,622,King,kingmichael,4479.04,TRUE,Michael,Fun!23
0,713,King,kingleonard,4197.42,TRUE,Leonard,Fun!23
0,946,King,kingkylie,3799.05,TRUE,Kylie,Fun!23
0,315,Kim,kimelizabeth,1079.7,FALSE,Elizabeth,Fun!23
0,26,Khan,sherekhan,1453.35,TRUE,Shere,Fun!23
0,932,Khan,khanmatthew,1597.86,FALSE,Matthew,Fun!23
0,348,Kent,kentronald,3149.93,TRUE,Ronald,Fun!23
0,402,Kent,kenttanya,2424.06,FALSE,Tanya,Fun!23
0,953,Kennedy,kennedysuzanne,2869.45,FALSE,Suzanne,Fun!23
0,1002,Kennedy,kennedyrobert,4942.71,FALSE,Robert,Fun!23
0,241,Kelly,kellyalexander,1704.29,TRUE,Alexander,Fun!23
0,800,Kelly,kellyalyssa,5599.65,FALSE,Alyssa,Fun!23
0,1033,Kelly,kellymaria,6421.85,FALSE,Maria,Fun!23
0,539,Kelley,kelleygrace,1490.9,FALSE,Grace,Fun!23
0,432,Keller,kellerrandy,4049.83,TRUE,Randy,Fun!23
0,381,Kane,kanerhonda,3312.97,TRUE,Rhonda,Fun!23
0,379,Joseph,josephangel,1377.13,FALSE,Angel,Fun!23
0,732,Jordan,jordankelly,5295.75,FALSE,Kelly,Fun!23
0,227,Jones,jonescesar,3299.29,FALSE,Cesar,Fun!23
0,251,Jones,jonesashley,2249.19,FALSE,Ashley,Fun!23
0,277,Jones,jonesmichelle,5470.09,FALSE,Michelle,Fun!23
0,366,Jones,joneschristopher,2013.63,FALSE,Christopher,Fun!23
0,478,Jones,jonesbarbara,1283.74,TRUE,Barbara,Fun!23
0,579,Jones,joneschris,2385.07,TRUE,Chris,Fun!23
0,590,Jones,jonesdana,5438.9,TRUE,Dana,Fun!23
0,600,Jones,joneschristina,3540.81,FALSE,Christina,Fun!23
0,677,Jones,jonessarah,6195.91,FALSE,Sarah,Fun!23
0,679,Jones,jonesjulia,4445.14,TRUE,Julia,Fun!23
0,722,Jones,jonestimothy,4324.95,TRUE,Timothy,Fun!23
0,739,Jones,jonesjohn,6414.74,TRUE,John,Fun!23
0,768,Jones,jonestiffany,1851.94,FALSE,Tiffany,Fun!23
0,802,Jones,joneserin,3323.19,TRUE,Erin,Fun!23
0,825,Jones,jonesjennifer,3707.12,FALSE,Jennifer,Fun!23
0,961,Jones,jonesdarrell,4483.62,FALSE,Darrell,Fun!23
0,1044,Jones,jonesshelly,5853.92,FALSE,Shelly,Fun!23
0,688,Johnston,johnstontyrone,3193.1,TRUE,Tyrone,Fun!23
0,67,Johnson,johnsonroberto,5590.54,FALSE,Roberto,Fun!23
0,129,Johnson,johnsonbeverly,2608.9,TRUE,Beverly,Fun!23
0,180,Johnson,johnsonkarla,2023.33,TRUE,Karla,Fun!23
0,338,Johnson,johnsoncrystal,2986.03,TRUE,Crystal,Fun!23
0,347,Johnson,johnsoncourtney,2964.73,TRUE,Courtney,Fun!23
0,355,Johnson,johnsonbenjamin,1800.37,FALSE,Benjamin,Fun!23
0,374,Johnson,johnsonedward,5909.18,FALSE,Edward,Fun!23
0,425,Johnson,johnsonnicole,4584.68,FALSE,Nicole,Fun!23
0,559,Johnson,johnsonkimberly,2260.21,FALSE,Kimberly,Fun!23
0,572,Johnson,johnsonchristopher,2167.45,FALSE,Christopher,Fun!23
0,649,Johnson,johnsonluis,6169.07,TRUE,Luis,Fun!23
0,783,Johnson,johnsonlori,2464.58,FALSE,Lori,Fun!23
0,799,Johnson,johnsontimothy,6038.7,TRUE,Timothy,Fun!23
0,816,Johnson,johnsontanya,5068.7,FALSE,Tanya,Fun!23
0,819,Johnson,johnsonmelissa,2084.86,TRUE,Melissa,Fun!23
0,863,Johnson,johnsonlaurie,3877.37,FALSE,Laurie,Fun!23
0,922,Johnson,johnsonamanda,1176.7,TRUE,Amanda,Fun!23
0,945,Johnson,johnsondenise,4694.72,TRUE,Denise,Fun!23
0,994,Johnson,johnsonmichael,3471.76,FALSE,Michael,Fun!23
0,1011,Johnson,johnsondavid,4880.77,FALSE,David,Fun!23
0,1042,Johnson,johnsontaylor,4083.31,TRUE,Taylor,Fun!23
0,578,Jimenez,jimenezmisty,3036.8,TRUE,Misty,Fun!23
0,219,Jensen,jensenbrian,3490.08,TRUE,Brian,Fun!23
0,393,Jenkins,jenkinsalicia,2557.03,FALSE,Alicia,Fun!23
0,66,Jaquez,jaquezjorge,5643.59,FALSE,Jorge,Fun!23
0,328,Jacobson,jacobsonbrian,2526.15,TRUE,Brian,Fun!23
0,389,Jacobs,jacobsteresa,5134.34,FALSE,Teresa,Fun!23
0,518,Jackson,jacksonedward,4020.17,FALSE,Edward,Fun!23
0,678,Jackson,jacksonnicholas,4654.47,TRUE,Nicholas,Fun!23
0,926,Jackson,jacksonlisa,1181.83,FALSE,Lisa,Fun!23
0,999,Jackson,jacksonemily,5112.18,FALSE,Emily,Fun!23
0,1014,Jackson,jacksonelizabeth,6494.54,TRUE,Elizabeth,Fun!23
0,490,Irwin,irwinderek,3824.55,TRUE,Derek,Fun!23
0,916,Irwin,irwincarlos,1259.94,FALSE,Carlos,Fun!23
0,65,Ike,ikemichael,5785.1,FALSE,Michael,Fun!23
0,418,Huynh,huynhray,6239.49,FALSE,Ray,Fun!23
0,275,Hunter,hunterwilliam,1076.2,TRUE,William,Fun!23
0,429,Hunter,hunteranthony,2298.7,FALSE,Anthony,Fun!23
0,358,Hunt,huntdeborah,1240.36,FALSE,Deborah,Fun!23
0,265,Humphrey,humphreysusan,4469.93,FALSE,Susan,Fun!23
0,414,Hull,hullsean,5879.62,TRUE,Sean,Fun!23
0,626,Hughes,hughesjanet,3183.47,FALSE,Janet,Fun!23
0,1023,Hughes,hughespatricia,6412.24,FALSE,Patricia,Fun!23
0,64,Huerta,huertajazmin,3005.52,TRUE,Jazmin,Fun!23
0,897,Huerta,huertajorge,4566.24,FALSE,Jorge,Fun!23
0,118,Hudson,hudsoncrystal,4646.9,TRUE,Crystal,Fun!23
0,912,Huang,huangjennifer,1156.3,FALSE,Jennifer,Fun!23
0,206,Howell,howellsamantha,1842.67,FALSE,Samantha,Fun!23
0,877,House,housekenneth,6073.4,FALSE,Kenneth,Fun!23
0,883,House,housejohn,4352.21,TRUE,John,Fun!23
0,375,Horton,hortonmisty,2980.02,TRUE,Misty,Fun!23
0,530,Horne,hornenoah,6445.33,FALSE,Noah,Fun!23
0,299,Hoover,hooverkristy,3681.27,TRUE,Kristy,Fun!23
0,27,Hook,captaiinhook,5286.95,TRUE,Captaiin,Fun!23
0,857,Holt,holtphilip,3965.29,FALSE,Philip,Fun!23
0,1015,Holt,holtmelissa,5500.35,TRUE,Melissa,Fun!23
0,211,Holmes,holmesethan,6050.88,TRUE,Ethan,Fun!23
0,136,Holland,hollandmichelle,2691.88,TRUE,Michelle,Fun!23
0,63,Holguin,holguinalan,5607.84,FALSE,Alan,Fun!23
0,186,Holden,holdenshannon,3695.65,TRUE,Shannon,Fun!23
0,268,Holden,holdenchris,5313.73,FALSE,Chris,Fun!23
0,137,Hodges,hodgeskyle,4779.81,FALSE,Kyle,Fun!23
0,737,Hobbs,hobbswillie,5472.08,TRUE,Willie,Fun!23
0,557,Hines,hineskathleen,6420.13,TRUE,Kathleen,Fun!23
0,169,Hill,hillsusan,1657.52,TRUE,Susan,Fun!23
0,706,Hill,hillperry,5036.18,FALSE,Perry,Fun!23
0,710,Hill,hilljohn,3586.01,FALSE,John,Fun!23
0,888,Higgins,higginsbrett,1697.18,FALSE,Brett,Fun!23
0,858,Hicks,hicksalison,3846.43,TRUE,Alison,Fun!23
0,733,Hickman,hickmanjoshua,2815.02,FALSE,Joshua,Fun!23
0,894,Herring,herringkelly,2436.63,FALSE,Kelly,Fun!23
0,151,Hernandez,hernandezedward,1983.03,FALSE,Edward,Fun!23
0,519,Hernandez,hernandezsteven,2042.23,TRUE,Steven,Fun!23
0,586,Hernandez,hernandezjamie,3343,FALSE,Jamie,Fun!23
0,718,Hernandez,hernandezdouglas,2506.37,FALSE,Douglas,Fun!23
0,731,Hernandez,hernandezsean,3995.84,TRUE,Sean,Fun!23
0,962,Hernandez,hernandezjennifer,2124.16,TRUE,Jennifer,Fun!23
0,951,Herman,hermanpaul,3081.49,TRUE,Paul,Fun!23
0,321,Henry,henryjenny,1641.61,FALSE,Jenny,Fun!23
0,673,Henry,henrylawrence,1788.48,TRUE,Lawrence,Fun!23
0,988,Henry,henrymarissa,2588.94,TRUE,Marissa,Fun!23
0,109,Henderson,hendersonpatrick,5531.18,FALSE,Patrick,Fun!23
0,181,Henderson,hendersonjill,3633.35,FALSE,Jill,Fun!23
0,250,Henderson,hendersonjames,2764.48,TRUE,James,Fun!23
0,729,Hays,hayscarmen,1693.88,FALSE,Carmen,Fun!23
0,360,Haynes,haynesdonald,4518.98,TRUE,Donald,Fun!23
0,352,Hayes,hayesbrian,5870.98,FALSE,Brian,Fun!23
0,835,Hayes,hayescrystal,3144.7,FALSE,Crystal,Fun!23
0,940,Hayes,hayesdavid,4635.83,TRUE,David,Fun!23
0,128,Hawkins,hawkinsbrittany,5051.84,FALSE,Brittany,Fun!23
0,903,Hawkins,hawkinsjustin,2741.8,TRUE,Justin,Fun!23
0,297,Harvey,harveynicole,6497.41,TRUE,Nicole,Fun!23
0,609,Harvey,harveydavid,2433.83,TRUE,David,Fun!23
0,669,Hartman,hartmansteven,2044.85,FALSE,Steven,Fun!23
0,759,Hart,hartnicole,4702.59,TRUE,Nicole,Fun!23
0,774,Hart,hartrachel,1676.33,FALSE,Rachel,Fun!23
0,110,Harrison,harrisonerica,3303.07,FALSE,Erica,Fun!23
0,866,Harrison,harrisonkevin,1648.89,FALSE,Kevin,Fun!23
0,970,Harrison,harrisonvincent,1813.09,TRUE,Vincent,Fun!23
0,162,Harris,harrisstephanie,6330.21,FALSE,Stephanie,Fun!23
0,164,Harris,harrisdylan,5270.99,FALSE,Dylan,Fun!23
0,560,Harris,harriskelly,1977.61,TRUE,Kelly,Fun!23
0,726,Harris,harrisvictor,5811.35,TRUE,Victor,Fun!23
0,1040,Harris,harriskimberly,6092.68,FALSE,Kimberly,Fun!23
0,183,Harrington,harringtonsamuel,6027.92,TRUE,Samuel,Fun!23
0,562,Harper,harperdakota,5391.79,TRUE,Dakota,Fun!23
0,869,Harmon,harmonpaul,3926.94,FALSE,Paul,Fun!23
0,335,Hardy,hardybryan,1373.72,TRUE,Bryan,Fun!23
0,477,Hardy,hardytheresa,3515.66,TRUE,Theresa,Fun!23
0,398,Hardin,hardinanthony,6276.22,TRUE,Anthony,Fun!23
0,505,Hansen,hansengabriel,2601.36,FALSE,Gabriel,Fun!23
0,982,Hansen,hansenjohn,3755.18,FALSE,John,Fun!23
0,1012,Hanna,hannajoseph,2208.45,FALSE,Joseph,Fun!23
0,142,Hampton,hamptondaniel,2578.35,FALSE,Daniel,Fun!23
0,460,Hampton,hamptonjerry,3103.01,FALSE,Jerry,Fun!23
0,199,Hammond,hammondjames,3292.97,FALSE,James,Fun!23
0,290,Hall,halllauren,4770.66,TRUE,Lauren,Fun!23
0,675,Hall,halllori,1475.01,FALSE,Lori,Fun!23
0,717,Hall,hallthomas,6468.72,FALSE,Thomas,Fun!23
0,801,Hall,hallcolleen,4435.46,FALSE,Colleen,Fun!23
0,963,Hall,hallamy,3924.13,FALSE,Amy,Fun!23
0,1010,Hall,hallandrew,3815.39,TRUE,Andrew,Fun!23
0,730,Haley,haleyjorge,4583.75,TRUE,Jorge,Fun!23
0,537,Hale,halekaylee,1053.59,TRUE,Kaylee,Fun!23
0,734,Guzman,guzmanjennifer,6377.01,TRUE,Jennifer,Fun!23
0,62,Gutierrez,gutierrezian,4678.83,TRUE,Ian,Fun!23
0,235,Gutierrez,gutierrezroberto,1391.26,TRUE,Roberto,Fun!23
0,247,Gutierrez,gutierrezanna,4782,TRUE,Anna,Fun!23
0,492,Gutierrez,gutierrezjulian,2768.58,FALSE,Julian,Fun!23
0,61,Guerra,guerrakevin,6290.44,FALSE,Kevin,Fun!23
0,255,Gross,grossdavid,5551.2,TRUE,David,Fun!23
0,960,Gross,grossmitchell,1677.62,FALSE,Mitchell,Fun!23
0,114,Griffin,griffinaustin,3742.3,FALSE,Austin,Fun!23
0,691,Griffin,griffinsarah,4902.67,TRUE,Sarah,Fun!23
0,812,Griffin,griffinmichelle,4134.93,TRUE,Michelle,Fun!23
0,998,Greene,greenetimothy,6101.99,FALSE,Timothy,Fun!23
0,830,Green,greenchad,4274.5,FALSE,Chad,Fun!23
0,440,Gray,graybecky,5626.78,TRUE,Becky,Fun!23
0,159,Grant,grantderrick,1862.14,FALSE,Derrick,Fun!23
0,936,Grant,grantmary,2663.67,FALSE,Mary,Fun!23
0,494,Gould,gouldkevin,4371.45,TRUE,Kevin,Fun!23
0,491,Gordon,gordonbrandi,3055.56,TRUE,Brandi,Fun!23
0,40,Gonzalez,alondragonzalez,2638.88,FALSE,Alondra,Fun!23
0,60,Gonzalez,gonzalezmaria,2660.31,FALSE,Maria,Fun!23
0,382,Gonzalez,gonzalezjeffrey,4006.68,FALSE,Jeffrey,Fun!23
0,654,Gonzalez,gonzalezmatthew,1596.76,FALSE,Matthew,Fun!23
0,695,Gonzalez,gonzalezmary,3682.08,FALSE,Mary,Fun!23
0,871,Gonzalez,gonzalezmark,3329.16,FALSE,Mark,Fun!23
0,567,Gonzales,gonzalesbobby,3622.75,FALSE,Bobby,Fun!23
0,59,Gomez,gomezderek,3968.64,TRUE,Derek,Fun!23
0,854,Gomez,gomezjoshua,3530.46,FALSE,Joshua,Fun!23
0,353,Glenn,glennpatricia,1011.95,TRUE,Patricia,Fun!23
0,944,Gillespie,gillespiesharon,1267.33,TRUE,Sharon,Fun!23
0,694,Giles,gilescynthia,1824.25,FALSE,Cynthia,Fun!23
0,864,Gilbert,gilbertgeorge,3923.23,TRUE,George,Fun!23
0,620,Gibbs,gibbsdarren,3609.73,FALSE,Darren,Fun!23
0,39,Gaytan,isabellagaytan,5543.64,FALSE,Isabella,Fun!23
0,611,Gates,gatesbrian,2464.98,FALSE,Brian,Fun!23
0,229,Garrett,garrettlisa,2902.31,TRUE,Lisa,Fun!23
0,154,Gardner,gardnerdavid,6064.46,TRUE,David,Fun!23
0,573,Gardner,gardnerricky,5991.92,FALSE,Ricky,Fun!23
0,583,Gardner,gardnerdanielle,3988.32,FALSE,Danielle,Fun!23
0,666,Gardner,gardnerteresa,3636.41,TRUE,Teresa,Fun!23
0,58,Gardea,gardeaeric,3197.66,FALSE,Eric,Fun!23
0,54,GarciaFernandez,garciafernandezmarco,2795.45,TRUE,Marco,Fun!23
0,55,Garcia,garciachristian,4107.34,FALSE,Christian,Fun!23
0,56,Garcia,garciaisabella,1311.58,FALSE,Isabella,Fun!23
0,57,Garcia,garciajorge,3805.92,TRUE,Jorge,Fun!23
0,184,Garcia,garciaandrew,3697.37,TRUE,Andrew,Fun!23
0,286,Garcia,garciasusan,5479.1,TRUE,Susan,Fun!23
0,344,Garcia,garciakimberly,2247.3,TRUE,Kimberly,Fun!23
0,748,Gamble,gamblejerry,2622.85,FALSE,Jerry,Fun!23
0,117,Gallagher,gallagherchelsea,5997.95,TRUE,Chelsea,Fun!23
0,323,Gaines,gaineslisa,5799.68,TRUE,Lisa,Fun!23
0,977,Fuller,fulleramy,6258.54,FALSE,Amy,Fun!23
0,507,Frye,fryejessica,6065.87,TRUE,Jessica,Fun!23
0,955,Frye,fryeashley,1970.17,TRUE,Ashley,Fun!23
0,832,Fritz,fritzjoseph,4953.16,TRUE,Joseph,Fun!23
0,399,Freeman,freemannorman,2656.86,FALSE,Norman,Fun!23
0,471,Fox,foxalexandra,6231.03,FALSE,Alexandra,Fun!23
0,495,Fox,foxmichael,5657.86,TRUE,Michael,Fun!23
0,770,Fox,foxsara,5937.37,TRUE,Sara,Fun!23
0,217,Foster,fostershirley,1054.18,TRUE,Shirley,Fun!23
0,376,Foster,fosterchristopher,2419.28,FALSE,Christopher,Fun!23
0,380,Foster,fosterdaniel,5872.56,FALSE,Daniel,Fun!23
0,771,Foster,fosterjeremy,5964.35,TRUE,Jeremy,Fun!23
0,260,Ford,fordalexis,2619.53,TRUE,Alexis,Fun!23
0,698,Foley,foleycarl,5916.13,FALSE,Carl,Fun!23
0,667,Flores,floresbrandon,4154.32,FALSE,Brandon,Fun!23
0,772,Flores,floresmichael,2935.5,TRUE,Michael,Fun!23
0,965,Flores,floresrobert,5625.57,TRUE,Robert,Fun!23
0,761,Fletcher,fletcheranita,1535.08,TRUE,Anita,Fun!23
0,840,Fleming,flemingcraig,3684.76,FALSE,Craig,Fun!23
0,795,Fitzgerald,fitzgeraldtracy,1837.09,FALSE,Tracy,Fun!23
0,240,Fisher,fisherpaul,1789.19,TRUE,Paul,Fun!23
0,758,Fisher,fisherrebecca,5440.57,TRUE,Rebecca,Fun!23
0,648,Fields,fieldschristopher,2590.05,TRUE,Christopher,Fun!23
0,784,Fields,fieldsbryan,2089.04,TRUE,Bryan,Fun!23
0,408,Fernandez,fernandezjessica,5323.18,FALSE,Jessica,Fun!23
0,242,Ferguson,fergusondestiny,4914.78,FALSE,Destiny,Fun!23
0,697,Farley,farleyjose,5578.74,TRUE,Jose,Fun!23
0,111,Evans,evanskatherine,2996.39,FALSE,Katherine,Fun!23
0,156,Evans,evansashley,4619.52,TRUE,Ashley,Fun!23
0,498,Evans,evansjose,4350.77,TRUE,Jose,Fun!23
0,561,Evans,evanswilliam,4110.62,FALSE,William,Fun!23
0,776,Evans,evansjennifer,3949.55,FALSE,Jennifer,Fun!23
0,913,Evans,evansmelissa,4540.61,FALSE,Melissa,Fun!23
0,939,Evans,evanstyler,5374.62,TRUE,Tyler,Fun!23
0,818,Estes,estesemily,2145.61,TRUE,Emily,Fun!23
0,174,Espinoza,espinozacraig,1780.11,FALSE,Craig,Fun!23
0,269,Erickson,ericksonmatthew,6497.74,FALSE,Matthew,Fun!23
0,31,Eric,princeeric,2822.54,FALSE,Prince,Fun!23
0,1041,English,englishangela,2737.21,FALSE,Angela,Fun!23
0,214,Ellison,ellisonzachary,2587.9,FALSE,Zachary,Fun!23
0,130,Ellis,ellisstephen,4694.34,TRUE,Stephen,Fun!23
0,403,Ellis,elliskeith,4049.76,TRUE,Keith,Fun!23
0,699,Ellis,ellischristine,6108.73,FALSE,Christine,Fun!23
0,845,Ellis,elliscynthia,2453.45,FALSE,Cynthia,Fun!23
0,875,Ellis,ellischristian,2441.46,TRUE,Christian,Fun!23
0,917,Ellis,ellisvictoria,5919.08,FALSE,Victoria,Fun!23
0,391,Elliott,elliottthomas,1184,TRUE,Thomas,Fun!23
0,947,Elliott,elliottcarol,2737.11,TRUE,Carol,Fun!23
0,1028,Elliott,elliotttonya,6444.37,TRUE,Tonya,Fun!23
0,410,Edwards,edwardsruben,5147.52,FALSE,Ruben,Fun!23
0,549,Edwards,edwardsrichard,5581.89,FALSE,Richard,Fun!23
0,577,Edwards,edwardsmartin,6337.18,TRUE,Martin,Fun!23
0,613,Edwards,edwardsantonio,2310.91,TRUE,Antonio,Fun!23
0,882,Durham,durhamsonia,4615.69,TRUE,Sonia,Fun!23
0,293,Dunn,dunnjacqueline,4899.94,FALSE,Jacqueline,Fun!23
0,672,Dunn,dunnscott,5963.66,TRUE,Scott,Fun!23
0,884,Dunn,dunncarolyn,4527.36,TRUE,Carolyn,Fun!23
0,898,Dunn,dunnjesse,4009.8,FALSE,Jesse,Fun!23
0,2,Duck,donaldduck,2579.47,FALSE,Donald,Fun!23
0,325,Douglas,douglasbrenda,3043.65,TRUE,Brenda,Fun!23
0,514,Dorsey,dorseydanielle,4296.57,TRUE,Danielle,Fun!23
0,310,Dominguez,dominguezlance,4553.94,TRUE,Lance,Fun!23
0,372,Dominguez,dominguezchristopher,1777.93,TRUE,Christopher,Fun!23
0,782,Dominguez,dominguezelizabeth,6423.85,TRUE,Elizabeth,Fun!23
0,703,Dodson,dodsonchristina,2000.09,FALSE,Christina,Fun!23
0,981,Dixon,dixonterrence,1377.55,FALSE,Terrence,Fun!23
0,4,Disney,goofydisney,5513.23,TRUE,Goofy,Fun!23
0,5,Disney,plutodisney,4016.97,TRUE,Pluto,Fun!23
0,6,Disney,chipdisney,1209.41,TRUE,Chip,Fun!23
0,7,Disney,daledisney,3097.06,FALSE,Dale,Fun!23
0,8,Disney,cinderelladisney,1078.96,FALSE,Cinderella,Fun!23
0,9,Disney,arieldisney,6499.95,TRUE,Ariel,Fun!23
0,10,Disney,jasminedisney,6422.46,TRUE,Jasmine,Fun!23
0,11,Disney,aladdindisney,2221.83,TRUE,Aladdin,Fun!23
0,12,Disney,simbadisney,2550.06,FALSE,Simba,Fun!23
0,13,Disney,mufassadisney,2805.98,FALSE,Mufassa,Fun!23
0,14,Disney,auroradisney,3155.3,FALSE,Aurora,Fun!23
0,16,Disney,woodydisney,5878.28,FALSE,Woody,Fun!23
0,20,Disney,beastdisney,5228.54,FALSE,Beast,Fun!23
0,21,Disney,belledisney,3582.16,FALSE,Belle,Fun!23
0,25,Disney,gastondisney,5570.55,FALSE,Gaston,Fun!23
0,28,Disney,kaadisney,4489.57,FALSE,Kaa,Fun!23
0,30,Disney,pinocchiodisney,4904.12,FALSE,Pinocchio,Fun!23
0,32,Disney,quasimododisney,3427.01,TRUE,Quasimodo,Fun!23
0,33,Disney,herculesdisney,1496.67,FALSE,Hercules,Fun!23
0,34,Disney,mulandisney,6047.22,FALSE,Mulan,Fun!23
0,35,Disney,lilodisney,3868.58,FALSE,Lilo,Fun!23
0,36,Disney,stitchdisney,1940.4,TRUE,Stitch,Fun!23
0,581,Dillon,dillonbrandon,2929.34,TRUE,Brandon,Fun!23
0,52,DiazCaraveo,diazcaraveocesar,1294.92,TRUE,Cesar,Fun!23
0,53,Diaz,diazhector,3325.66,TRUE,Hector,Fun!23
0,400,Diaz,diazdevin,3393.85,FALSE,Devin,Fun!23
0,22,DeVil,cruelladevil,3690.12,TRUE,Cruella,Fun!23
0,1020,Dennis,dennismikayla,5105.63,TRUE,Mikayla,Fun!23
0,218,Delgado,delgadojeffrey,3275.68,TRUE,Jeffrey,Fun!23
0,723,Dean,deanjermaine,1755.06,TRUE,Jermaine,Fun!23
0,280,Davis,davistanya,4859.16,FALSE,Tanya,Fun!23
0,283,Davis,davisrobert,1181.37,TRUE,Robert,Fun!23
0,303,Davis,davissusan,3572.14,TRUE,Susan,Fun!23
0,509,Davis,davisjustin,4711.73,TRUE,Justin,Fun!23
0,532,Davis,davistiffany,4487.12,FALSE,Tiffany,Fun!23
0,690,Davis,daviskenneth,5108.77,FALSE,Kenneth,Fun!23
0,693,Davis,davisanna,3794.34,FALSE,Anna,Fun!23
0,712,Davis,davischristopher,4298.14,FALSE,Christopher,Fun!23
0,716,Davis,davisjohn,4076.42,TRUE,John,Fun!23
0,867,Davis,daviskarl,3944.25,TRUE,Karl,Fun!23
0,895,Davis,davisjoseph,5728.09,FALSE,Joseph,Fun!23
0,452,Davila,daviladavid,4483.12,FALSE,David,Fun!23
0,808,Davidson,davidsonholly,2190.46,FALSE,Holly,Fun!23
0,887,Davidson,davidsonjennifer,2975.97,FALSE,Jennifer,Fun!23
0,135,Davenport,davenportmonica,5863.12,FALSE,Monica,Fun!23
0,760,Davenport,davenporthoward,6430.13,FALSE,Howard,Fun!23
0,757,Daniel,danielbrittney,3868.74,TRUE,Brittney,Fun!23
0,822,Daniel,danielbrandi,5259.45,FALSE,Brandi,Fun!23
0,469,Dalton,daltonanthony,5754.24,FALSE,Anthony,Fun!23
0,143,Curtis,curtisjerry,1615.9,TRUE,Jerry,Fun!23
0,634,Cunningham,cunninghamheather,5971.02,FALSE,Heather,Fun!23
0,395,Cummings,cummingsmichele,5852.18,TRUE,Michele,Fun!23
0,920,Cummings,cummingsdeanna,5471.13,FALSE,Deanna,Fun!23
0,300,Cruz,cruzmary,2783.42,FALSE,Mary,Fun!23
0,431,Cruz,cruzelizabeth,5083.05,FALSE,Elizabeth,Fun!23
0,738,Cruz,cruzholly,2342.29,TRUE,Holly,Fun!23
0,412,Cross,crossallison,1667.84,FALSE,Allison,Fun!23
0,327,Crawford,crawfordjade,5919.01,TRUE,Jade,Fun!23
0,585,Craig,craigchristopher,4612.21,FALSE,Christopher,Fun!23
0,755,Craig,craigmonica,4169.68,TRUE,Monica,Fun!23
0,1025,Craig,craigkim,5871,TRUE,Kim,Fun!23
0,253,Cox,coxdorothy,3680.05,FALSE,Dorothy,Fun!23
0,658,Cox,coxdavid,1393.51,FALSE,David,Fun!23
0,745,Cowan,cowanmichael,2595.98,FALSE,Michael,Fun!23
0,587,Costa,costadavid,2027.38,FALSE,David,Fun!23
0,365,Cordova,cordovaelizabeth,3755.97,FALSE,Elizabeth,Fun!23
0,456,Copeland,copelandjennifer,2245.22,TRUE,Jennifer,Fun!23
0,651,Copeland,copelandnicholas,3303.87,TRUE,Nicholas,Fun!23
0,493,Cooper,coopersamantha,6136.14,TRUE,Samantha,Fun!23
0,942,Cooper,cooperdennis,5803.62,FALSE,Dennis,Fun!23
0,589,Cook,cookcassandra,3918.21,TRUE,Cassandra,Fun!23
0,967,Cook,cookalexandra,6305.72,TRUE,Alexandra,Fun!23
0,51,Contreras,contrerasvaleria,5957.14,FALSE,Valeria,Fun!23
0,107,Contreras,contreraschristopher,4237.17,FALSE,Christopher,Fun!23
0,531,Contreras,contreraskim,3521.44,FALSE,Kim,Fun!23
0,637,Contreras,contrerasjacob,1546.8,FALSE,Jacob,Fun!23
0,1001,Conrad,conraddanielle,1808.92,FALSE,Danielle,Fun!23
0,526,Conner,connerjamie,5538.79,FALSE,Jamie,Fun!23
0,952,Conley,conleyamber,1252.85,FALSE,Amber,Fun!23
0,423,Collins,collinsphilip,4653.8,TRUE,Philip,Fun!23
0,146,Coleman,colemanchristopher,4801.31,TRUE,Christopher,Fun!23
0,190,Coleman,colemannathan,4295.17,FALSE,Nathan,Fun!23
0,899,Coleman,colemanlauren,2203.64,FALSE,Lauren,Fun!23
0,893,Cole,coleemily,5915.63,FALSE,Emily,Fun!23
0,213,Cohen,cohenmolly,1812.05,FALSE,Molly,Fun!23
0,500,Cochran,cochranjoe,6022.74,FALSE,Joe,Fun!23
0,615,Cline,clinesarah,5215.84,FALSE,Sarah,Fun!23
0,861,Clarke,clarkemichael,5161.56,TRUE,Michael,Fun!23
0,147,Clark,clarkthomas,5731.98,FALSE,Thomas,Fun!23
0,508,Clark,clarkbruce,3565.9,FALSE,Bruce,Fun!23
0,582,Clark,clarkchad,4128.18,TRUE,Chad,Fun!23
0,588,Clark,clarktheresa,2264.57,TRUE,Theresa,Fun!23
0,685,Clark,clarkjason,4345.84,FALSE,Jason,Fun!23
0,906,Clark,clarkdavid,6314.95,TRUE,David,Fun!23
0,288,Church,churchmary,2355.74,FALSE,Mary,Fun!23
0,324,Christian,christianjonathan,4063.68,TRUE,Jonathan,Fun!23
0,792,Christensen,christensenkeith,1226.4,FALSE,Keith,Fun!23
0,50,Cheng,chengbungein,3057.16,TRUE,Bungein,Fun!23
0,907,Chavez,chavezdanielle,5898.57,TRUE,Danielle,Fun!23
0,542,Chase,chasejenna,4465.36,TRUE,Jenna,Fun!23
0,550,Chase,chaseamy,2872.5,FALSE,Amy,Fun!23
0,520,Chapman,chapmanmary,2660.5,FALSE,Mary,Fun!23
0,284,Chang,changallison,2609.73,TRUE,Allison,Fun!23
0,909,Chang,changemily,2624.2,FALSE,Emily,Fun!23
0,466,Chaney,chaneyphilip,5511.59,TRUE,Philip,Fun!23
0,1019,Chambers,chamberscharles,4018.22,TRUE,Charles,Fun!23
0,271,Castillo,castillobrian,1766.67,TRUE,Brian,Fun!23
0,409,Castillo,castillomichael,3140.37,FALSE,Michael,Fun!23
0,814,Castillo,castilloelizabeth,1781.13,FALSE,Elizabeth,Fun!23
0,950,Castillo,castillosharon,6182.48,FALSE,Sharon,Fun!23
0,972,Casey,caseyroger,4055.93,FALSE,Roger,Fun!23
0,252,Case,caseerik,1156.14,TRUE,Erik,Fun!23
0,132,Carter,carterpamela,4609.63,TRUE,Pamela,Fun!23
0,540,Carter,carteralexander,2670.69,FALSE,Alexander,Fun!23
0,911,Carter,carterchristina,3585.04,TRUE,Christina,Fun!23
0,633,Carson,carsonanthony,6119.88,FALSE,Anthony,Fun!23
0,1038,Carson,carsonvanessa,2341.96,FALSE,Vanessa,Fun!23
0,49,Carrillo,carrillosteven,3976.55,FALSE,Steven,Fun!23
0,451,Carr,carrgregory,2229.26,FALSE,Gregory,Fun!23
0,767,Carr,carrjennifer,5233.57,TRUE,Jennifer,Fun!23
0,752,Carney,carneyangela,2446.05,FALSE,Angela,Fun!23
0,829,Carlson,carlsonfelicia,3130.38,FALSE,Felicia,Fun!23
0,48,Canizales,canizalesgabriela,2075.94,TRUE,Gabriela,Fun!23
0,245,Campos,camposandrew,6228.26,TRUE,Andrew,Fun!23
0,523,Campos,camposwendy,3402.68,TRUE,Wendy,Fun!23
0,322,Campbell,campbellmatthew,3280.17,TRUE,Matthew,Fun!23
0,997,Campbell,campbellzachary,2773.66,TRUE,Zachary,Fun!23
0,341,Cameron,cameronalexander,2477,FALSE,Alexander,Fun!23
0,449,Cabrera,cabrerasteven,2796.53,FALSE,Steven,Fun!23
0,987,Byrd,byrdanthony,1381.95,TRUE,Anthony,Fun!23
0,1045,Byrd,byrdcory,5704.82,TRUE,Cory,Fun!23
0,1029,Butler,butlermark,3481.53,TRUE,Mark,Fun!23
0,701,Burton,burtontravis,3922.36,FALSE,Travis,Fun!23
0,986,Burton,burtonsamuel,3782.21,TRUE,Samuel,Fun!23
0,168,Burke,burkejason,1552.83,FALSE,Jason,Fun!23
0,221,Burke,burkelee,5877.46,FALSE,Lee,Fun!23
0,655,Burgess,burgessrose,1747.74,TRUE,Rose,Fun!23
0,933,Burch,burcherica,4047.75,FALSE,Erica,Fun!23
0,204,Buckley,buckleykim,1762.92,FALSE,Kim,Fun!23
0,742,Bryant,bryantdouglas,2168.71,FALSE,Douglas,Fun!23
0,934,Bryant,bryantdalton,1143.19,TRUE,Dalton,Fun!23
0,278,Bruce,bruceangelica,6442.17,FALSE,Angelica,Fun!23
0,108,Brown,browndavid,3371.34,FALSE,David,Fun!23
0,188,Brown,brownrichard,4883.23,FALSE,Richard,Fun!23
0,361,Brown,brownlisa,4323.2,FALSE,Lisa,Fun!23
0,368,Brown,brownamber,3112,FALSE,Amber,Fun!23
0,444,Brown,brownrebecca,2905.17,TRUE,Rebecca,Fun!23
0,538,Brown,brownryan,6331.23,FALSE,Ryan,Fun!23
0,591,Brown,brownphillip,3931.81,FALSE,Phillip,Fun!23
0,786,Brown,browncraig,2769.83,FALSE,Craig,Fun!23
0,1005,Brown,brownjamie,2530.93,TRUE,Jamie,Fun!23
0,152,Brooks,brookstodd,5142.78,FALSE,Todd,Fun!23
0,369,Brooks,brooksantonio,4424.08,FALSE,Antonio,Fun!23
0,397,Brooks,brooksjoseph,5056.53,FALSE,Joseph,Fun!23
0,602,Brooks,brooksanthony,3448.8,TRUE,Anthony,Fun!23
0,847,Brock,brockjuan,3590.66,FALSE,Juan,Fun!23
0,604,Brennan,brennanjames,5581.68,TRUE,James,Fun!23
0,447,Brady,bradyemily,5311.17,FALSE,Emily,Fun!23
0,121,Bradley,bradleyrenee,2265.91,FALSE,Renee,Fun!23
0,317,Bradley,bradleyamy,3365.73,FALSE,Amy,Fun!23
0,886,Boyd,boydkenneth,5788.69,FALSE,Kenneth,Fun!23
0,556,Bowman,bowmanryan,4864.89,TRUE,Ryan,Fun!23
0,47,Booth,boothdarien,2676.06,TRUE,Darien,Fun!23
0,461,Booth,boothray,3879.49,FALSE,Ray,Fun!23
0,510,Boone,boonelouis,4980.96,FALSE,Louis,Fun!23
0,750,Boone,boonekevin,3210.87,FALSE,Kevin,Fun!23
0,486,Bonilla,bonillathomas,5709.83,FALSE,Thomas,Fun!23
0,635,Bond,bondronald,2267.71,FALSE,Ronald,Fun!23
0,700,Blevins,blevinsjohn,2980.57,TRUE,John,Fun!23
0,436,Blake,blakekrista,1414.3,TRUE,Krista,Fun!23
0,709,Blair,blairjohn,3347.17,FALSE,John,Fun!23
0,163,Blackwell,blackwellrichard,5553.33,FALSE,Richard,Fun!23
0,512,Blackwell,blackwelldebra,5900.1,FALSE,Debra,Fun!23
0,756,Blackwell,blackwellsandy,6395.49,TRUE,Sandy,Fun!23
0,780,Black,blackalexis,1110.66,FALSE,Alexis,Fun!23
0,989,Black,blackmariah,4759.23,FALSE,Mariah,Fun!23
0,705,Best,bestjeffrey,2856.28,TRUE,Jeffrey,Fun!23
0,971,Berry,berrychristopher,5611.36,TRUE,Christopher,Fun!23
0,702,Bernard,bernardtimothy,3592.45,FALSE,Timothy,Fun!23
0,565,Berg,bergrodney,4290.52,FALSE,Rodney,Fun!23
0,834,Bentley,bentleyernest,1506.22,FALSE,Ernest,Fun!23
0,179,Bennett,bennettlinda,1987.03,FALSE,Linda,Fun!23
0,282,Bennett,bennettshannon,3501.79,TRUE,Shannon,Fun!23
0,377,Bennett,bennettcarrie,2891.82,FALSE,Carrie,Fun!23
0,524,Bennett,bennettbobby,2820.63,FALSE,Bobby,Fun!23
0,793,Bennett,bennettpatrick,3190.96,FALSE,Patrick,Fun!23
0,370,Bender,benderdakota,1579.59,TRUE,Dakota,Fun!23
0,569,Beltran,beltrangerald,1989.53,TRUE,Gerald,Fun!23
0,488,Bell,bellkelly,2449.33,FALSE,Kelly,Fun!23
0,584,Bell,bellbradley,5253.7,TRUE,Bradley,Fun!23
0,976,Beck,beckkrista,5698.95,FALSE,Krista,Fun!23
0,627,Baxter,baxtertyler,6014.33,FALSE,Tyler,Fun!23
0,426,Bass,bassadam,2763.24,TRUE,Adam,Fun!23
0,1035,Barton,bartonerin,2348.78,FALSE,Erin,Fun!23
0,363,Barker,barkerheidi,3208.48,TRUE,Heidi,Fun!23
0,503,Barber,barberangel,1276.29,FALSE,Angel,Fun!23
0,603,Barber,barberanthony,3249.36,FALSE,Anthony,Fun!23
0,46,Baquier,baquieralondra,1038.91,TRUE,Alondra,Fun!23
0,724,Banks,banksjoshua,6324,FALSE,Joshua,Fun!23
0,458,Baker,bakergerald,1238.15,FALSE,Gerald,Fun!23
0,607,Baker,bakerdarin,6129.55,TRUE,Darin,Fun!23
0,1046,Baker,bakeramanda,3166.97,FALSE,Amanda,Fun!23
0,644,Bailey,baileyscott,5837.49,TRUE,Scott,Fun!23
0,747,Bailey,baileyjennifer,5531.43,FALSE,Jennifer,Fun!23
0,45,BaezRamirez,baezramirezraul,3161.63,FALSE,Raul,Fun!23
0,44,Ayala,ayalarafael,4659.43,FALSE,Rafael,Fun!23
0,809,Ayala,ayalageorge,2910.44,TRUE,George,Fun!23
0,238,Avery,averyshannon,6426.18,TRUE,Shannon,Fun!23
0,704,Atkins,atkinsandrew,3025.31,FALSE,Andrew,Fun!23
0,388,Arnold,arnoldshane,4900.81,TRUE,Shane,Fun!23
0,646,Arnold,arnoldallen,4604.4,FALSE,Allen,Fun!23
0,346,Armstrong,armstrongemma,5614.37,TRUE,Emma,Fun!23
0,636,Armstrong,armstrongsherri,3917.31,TRUE,Sherri,Fun!23
0,141,Arias,ariashannah,3354.72,TRUE,Hannah,Fun!23
0,248,Arellano,arellanojoel,1047.01,FALSE,Joel,Fun!23
0,43,Aranda,arandajavier,2241.97,TRUE,Javier,Fun!23
0,103,Andrews,andrewsbrittany,2503.38,FALSE,Brittany,Fun!23
0,133,Andrews,andrewsbrian,6084.57,TRUE,Brian,Fun!23
0,949,Andrade,andradeana,4750.44,FALSE,Ana,Fun!23
0,203,Anderson,andersonnicholas,3745.53,FALSE,Nicholas,Fun!23
0,499,Anderson,andersonjessica,1747.47,FALSE,Jessica,Fun!23
0,606,Anderson,andersonsarah,4630.47,FALSE,Sarah,Fun!23
0,661,Anderson,andersonjames,6256.24,FALSE,James,Fun!23
0,849,Anderson,andersonvictor,3392.57,FALSE,Victor,Fun!23
0,974,Anderson,andersonmary,1778.23,TRUE,Mary,Fun!23
0,42,Alvarez,alvarezcesar,4993.55,FALSE,Cesar,Fun!23
0,195,Alvarez,alvarezjeremy,3213.15,FALSE,Jeremy,Fun!23
0,222,Alvarez,alvarezsusan,4878.76,FALSE,Susan,Fun!23
0,392,Alvarez,alvarezelizabeth,2043.06,TRUE,Elizabeth,Fun!23
0,890,Alvarado,alvaradotyrone,1172.82,TRUE,Tyrone,Fun!23
0,215,Allen,allendonna,3695.43,FALSE,Donna,Fun!23
0,279,Allen,allensusan,6339.66,TRUE,Susan,Fun!23
0,175,Alexander,alexanderjulie,5802.38,TRUE,Julie,Fun!23
0,302,Alexander,alexandertami,4333,TRUE,Tami,Fun!23
0,467,Alexander,alexanderlinda,2283.88,TRUE,Linda,Fun!23
0,18,Aladdin,jafaraladdin,4216.96,FALSE,Jafar,Fun!23
0,41,Aguayo,aguayoangel,4564.16,FALSE,Angel,Fun!23
0,736,Adkins,adkinswilliam,3590.82,TRUE,William,Fun!23
0,525,Adams,adamsmichael,4400.01,TRUE,Michael,Fun!23
0,593,Adams,adamssheri,2135.89,TRUE,Sheri,Fun!23
0,721,Adams,adamsanthony,3501.54,FALSE,Anthony,Fun!23